{
  "run_name": "ablation_low_resolution",
  "model_name": "resnet18",
  "seed": 42,
  "test_loss": 0.20813388717557246,
  "accuracy": 0.9193954659949622,
  "false_alarm_rate": 0.08060453400503778,
  "precision_weighted": 0.9291774985862488,
  "recall_weighted": 0.9193954659949622,
  "f1_weighted": 0.9200158328817972,
  "class_names": [
    "be_injured_by_a_collision",
    "clean_sample",
    "coating_cracking",
    "convex_powder",
    "crazing",
    "dirty_spot",
    "drain_bottom",
    "inclusion",
    "non_conducting",
    "orange_peel",
    "patches",
    "pitted_surface",
    "pitting",
    "rolled_in_scale",
    "scratches",
    "scuffing",
    "the_transverse_strip_is_dented"
  ],
  "confusion_matrix": [
    [
      8,
      0,
      0,
      0,
      0,
      1,
      0,
      0,
      0,
      0,
      0,
      0,
      0,
      0,
      0,
      0,
      0
    ],
    [
      4,
      96,
      0,
      0,
      0,
      0,
      0,
      0,
      0,
      0,
      0,
      0,
      0,
      0,
      0,
      3,
      0
    ],
    [
      0,
      0,
      4,
      0,
      0,
      0,
      0,
      0,
      0,
      0,
      0,
      0,
      0,
      0,
      0,
      0,
      0
    ],
    [
      0,
      0,
      0,
      6,
      0,
      0,
      0,
      0,
      0,
      0,
      0,
      0,
      0,
      0,
      0,
      1,
      0
    ],
    [
      0,
      0,
      0,
      0,
      30,
      0,
      0,
      0,
      0,
      0,
      0,
      0,
      0,
      0,
      0,
      0,
      0
    ],
    [
      1,
      2,
      0,
      0,
      0,
      13,
      0,
      0,
      0,
      0,
      0,
      0,
      0,
      0,
      1,
      5,
      0
    ],
    [
      0,
      0,
      0,
      0,
      0,
      0,
      28,
      0,
      0,
      1,
      0,
      0,
      0,
      0,
      0,
      0,
      0
    ],
    [
      0,
      0,
      0,
      0,
      0,
      0,
      0,
      30,
      0,
      0,
      0,
      0,
      0,
      0,
      0,
      0,
      0
    ],
    [
      0,
      0,
      0,
      0,
      0,
      0,
      1,
      0,
      4,
      0,
      0,
      0,
      0,
      0,
      0,
      0,
      0
    ],
    [
      0,
      0,
      0,
      0,
      0,
      0,
      0,
      0,
      0,
      9,
      0,
      0,
      0,
      0,
      0,
      0,
      0
    ],
    [
      0,
      0,
      0,
      0,
      0,
      0,
      0,
      0,
      0,
      0,
      31,
      0,
      0,
      0,
      0,
      0,
      0
    ],
    [
      0,
      0,
      0,
      0,
      0,
      0,
      0,
      2,
      0,
      0,
      0,
      24,
      0,
      4,
      0,
      0,
      0
    ],
    [
      0,
      0,
      0,
      0,
      0,
      0,
      0,
      0,
      0,
      0,
      0,
      0,
      6,
      0,
      0,
      0,
      0
    ],
    [
      0,
      0,
      0,
      0,
      0,
      0,
      0,
      0,
      0,
      0,
      0,
      0,
      0,
      30,
      0,
      0,
      0
    ],
    [
      0,
      0,
      0,
      0,
      0,
      0,
      0,
      2,
      0,
      0,
      0,
      0,
      0,
      0,
      28,
      0,
      0
    ],
    [
      0,
      1,
      0,
      2,
      0,
      1,
      0,
      0,
      0,
      0,
      0,
      0,
      0,
      0,
      0,
      12,
      0
    ],
    [
      0,
      0,
      0,
      0,
      0,
      0,
      0,
      0,
      0,
      0,
      0,
      0,
      0,
      0,
      0,
      0,
      6
    ]
  ],
  "classification_report": {
    "be_injured_by_a_collision": {
      "precision": 0.6153846153846154,
      "recall": 0.8888888888888888,
      "f1-score": 0.7272727272727273,
      "support": 9.0
    },
    "clean_sample": {
      "precision": 0.9696969696969697,
      "recall": 0.9320388349514563,
      "f1-score": 0.9504950495049505,
      "support": 103.0
    },
    "coating_cracking": {
      "precision": 1.0,
      "recall": 1.0,
      "f1-score": 1.0,
      "support": 4.0
    },
    "convex_powder": {
      "precision": 0.75,
      "recall": 0.8571428571428571,
      "f1-score": 0.8,
      "support": 7.0
    },
    "crazing": {
      "precision": 1.0,
      "recall": 1.0,
      "f1-score": 1.0,
      "support": 30.0
    },
    "dirty_spot": {
      "precision": 0.8666666666666667,
      "recall": 0.5909090909090909,
      "f1-score": 0.7027027027027027,
      "support": 22.0
    },
    "drain_bottom": {
      "precision": 0.9655172413793104,
      "recall": 0.9655172413793104,
      "f1-score": 0.9655172413793104,
      "support": 29.0
    },
    "inclusion": {
      "precision": 0.8823529411764706,
      "recall": 1.0,
      "f1-score": 0.9375,
      "support": 30.0
    },
    "non_conducting": {
      "precision": 1.0,
      "recall": 0.8,
      "f1-score": 0.8888888888888888,
      "support": 5.0
    },
    "orange_peel": {
      "precision": 0.9,
      "recall": 1.0,
      "f1-score": 0.9473684210526315,
      "support": 9.0
    },
    "patches": {
      "precision": 1.0,
      "recall": 1.0,
      "f1-score": 1.0,
      "support": 31.0
    },
    "pitted_surface": {
      "precision": 1.0,
      "recall": 0.8,
      "f1-score": 0.8888888888888888,
      "support": 30.0
    },
    "pitting": {
      "precision": 1.0,
      "recall": 1.0,
      "f1-score": 1.0,
      "support": 6.0
    },
    "rolled_in_scale": {
      "precision": 0.8823529411764706,
      "recall": 1.0,
      "f1-score": 0.9375,
      "support": 30.0
    },
    "scratches": {
      "precision": 0.9655172413793104,
      "recall": 0.9333333333333333,
      "f1-score": 0.9491525423728814,
      "support": 30.0
    },
    "scuffing": {
      "precision": 0.5714285714285714,
      "recall": 0.75,
      "f1-score": 0.6486486486486487,
      "support": 16.0
    },
    "the_transverse_strip_is_dented": {
      "precision": 1.0,
      "recall": 1.0,
      "f1-score": 1.0,
      "support": 6.0
    },
    "accuracy": 0.9193954659949622,
    "macro avg": {
      "precision": 0.9040539522522579,
      "recall": 0.9128135439179375,
      "f1-score": 0.9025844182771547,
      "support": 397.0
    },
    "weighted avg": {
      "precision": 0.9291774985862488,
      "recall": 0.9193954659949622,
      "f1-score": 0.9200158328817972,
      "support": 397.0
    }
  }
}