{
  "model": "SimpleCNN",
  "seed": 42,
  "epochs": 20,
  "test_loss": 0.34298953268676996,
  "accuracy": 0.9093198992443325,
  "precision_weighted": 0.9153139874586474,
  "recall_weighted": 0.9093198992443325,
  "f1_weighted": 0.9067100051291975,
  "class_names": [
    "be_injured_by_a_collision",
    "clean_sample",
    "coating_cracking",
    "convex_powder",
    "crazing",
    "dirty_spot",
    "drain_bottom",
    "inclusion",
    "non_conducting",
    "orange_peel",
    "patches",
    "pitted_surface",
    "pitting",
    "rolled_in_scale",
    "scratches",
    "scuffing",
    "the_transverse_strip_is_dented"
  ],
  "confusion_matrix": [
    [
      8,
      0,
      0,
      0,
      0,
      0,
      0,
      0,
      0,
      0,
      0,
      0,
      0,
      0,
      0,
      1,
      0
    ],
    [
      2,
      98,
      0,
      0,
      0,
      0,
      2,
      0,
      0,
      0,
      0,
      0,
      0,
      0,
      0,
      1,
      0
    ],
    [
      1,
      0,
      2,
      1,
      0,
      0,
      0,
      0,
      0,
      0,
      0,
      0,
      0,
      0,
      0,
      0,
      0
    ],
    [
      0,
      1,
      0,
      6,
      0,
      0,
      0,
      0,
      0,
      0,
      0,
      0,
      0,
      0,
      0,
      0,
      0
    ],
    [
      0,
      0,
      0,
      0,
      29,
      0,
      0,
      0,
      0,
      0,
      1,
      0,
      0,
      0,
      0,
      0,
      0
    ],
    [
      1,
      3,
      0,
      1,
      0,
      16,
      1,
      0,
      0,
      0,
      0,
      0,
      0,
      0,
      0,
      0,
      0
    ],
    [
      0,
      1,
      0,
      0,
      0,
      0,
      28,
      0,
      0,
      0,
      0,
      0,
      0,
      0,
      0,
      0,
      0
    ],
    [
      0,
      0,
      0,
      0,
      0,
      0,
      0,
      30,
      0,
      0,
      0,
      0,
      0,
      0,
      0,
      0,
      0
    ],
    [
      0,
      0,
      0,
      0,
      0,
      0,
      1,
      0,
      3,
      1,
      0,
      0,
      0,
      0,
      0,
      0,
      0
    ],
    [
      0,
      0,
      0,
      0,
      0,
      0,
      0,
      0,
      0,
      9,
      0,
      0,
      0,
      0,
      0,
      0,
      0
    ],
    [
      0,
      0,
      0,
      0,
      0,
      0,
      0,
      0,
      0,
      0,
      30,
      1,
      0,
      0,
      0,
      0,
      0
    ],
    [
      0,
      0,
      0,
      0,
      0,
      0,
      0,
      2,
      0,
      0,
      2,
      24,
      0,
      0,
      2,
      0,
      0
    ],
    [
      0,
      0,
      0,
      0,
      0,
      0,
      0,
      0,
      0,
      0,
      0,
      0,
      6,
      0,
      0,
      0,
      0
    ],
    [
      0,
      0,
      0,
      0,
      0,
      0,
      0,
      0,
      0,
      0,
      0,
      0,
      0,
      30,
      0,
      0,
      0
    ],
    [
      0,
      1,
      0,
      0,
      0,
      0,
      0,
      2,
      0,
      0,
      0,
      0,
      0,
      0,
      27,
      0,
      0
    ],
    [
      0,
      6,
      0,
      1,
      0,
      0,
      0,
      0,
      0,
      0,
      0,
      0,
      0,
      0,
      0,
      9,
      0
    ],
    [
      0,
      0,
      0,
      0,
      0,
      0,
      0,
      0,
      0,
      0,
      0,
      0,
      0,
      0,
      0,
      0,
      6
    ]
  ],
  "classification_report": {
    "be_injured_by_a_collision": {
      "precision": 0.6666666666666666,
      "recall": 0.8888888888888888,
      "f1-score": 0.7619047619047619,
      "support": 9.0
    },
    "clean_sample": {
      "precision": 0.8909090909090909,
      "recall": 0.9514563106796117,
      "f1-score": 0.92018779342723,
      "support": 103.0
    },
    "coating_cracking": {
      "precision": 1.0,
      "recall": 0.5,
      "f1-score": 0.6666666666666666,
      "support": 4.0
    },
    "convex_powder": {
      "precision": 0.6666666666666666,
      "recall": 0.8571428571428571,
      "f1-score": 0.75,
      "support": 7.0
    },
    "crazing": {
      "precision": 1.0,
      "recall": 0.9666666666666667,
      "f1-score": 0.9830508474576272,
      "support": 30.0
    },
    "dirty_spot": {
      "precision": 1.0,
      "recall": 0.7272727272727273,
      "f1-score": 0.8421052631578947,
      "support": 22.0
    },
    "drain_bottom": {
      "precision": 0.875,
      "recall": 0.9655172413793104,
      "f1-score": 0.9180327868852459,
      "support": 29.0
    },
    "inclusion": {
      "precision": 0.8823529411764706,
      "recall": 1.0,
      "f1-score": 0.9375,
      "support": 30.0
    },
    "non_conducting": {
      "precision": 1.0,
      "recall": 0.6,
      "f1-score": 0.75,
      "support": 5.0
    },
    "orange_peel": {
      "precision": 0.9,
      "recall": 1.0,
      "f1-score": 0.9473684210526315,
      "support": 9.0
    },
    "patches": {
      "precision": 0.9090909090909091,
      "recall": 0.967741935483871,
      "f1-score": 0.9375,
      "support": 31.0
    },
    "pitted_surface": {
      "precision": 0.96,
      "recall": 0.8,
      "f1-score": 0.8727272727272727,
      "support": 30.0
    },
    "pitting": {
      "precision": 1.0,
      "recall": 1.0,
      "f1-score": 1.0,
      "support": 6.0
    },
    "rolled_in_scale": {
      "precision": 1.0,
      "recall": 1.0,
      "f1-score": 1.0,
      "support": 30.0
    },
    "scratches": {
      "precision": 0.9310344827586207,
      "recall": 0.9,
      "f1-score": 0.9152542372881356,
      "support": 30.0
    },
    "scuffing": {
      "precision": 0.8181818181818182,
      "recall": 0.5625,
      "f1-score": 0.6666666666666666,
      "support": 16.0
    },
    "the_transverse_strip_is_dented": {
      "precision": 1.0,
      "recall": 1.0,
      "f1-score": 1.0,
      "support": 6.0
    },
    "accuracy": 0.9093198992443325,
    "macro avg": {
      "precision": 0.9117589750264848,
      "recall": 0.8639521545596432,
      "f1-score": 0.8746449833667136,
      "support": 397.0
    },
    "weighted avg": {
      "precision": 0.9153139874586474,
      "recall": 0.9093198992443325,
      "f1-score": 0.9067100051291975,
      "support": 397.0
    }
  }
}