{
  "model": "SimpleCNN",
  "seed": 42,
  "epochs": 10,
  "test_loss": 0.40074810231570157,
  "accuracy": 0.8740554156171285,
  "precision_weighted": 0.8757980780455251,
  "recall_weighted": 0.8740554156171285,
  "f1_weighted": 0.8641344914013852,
  "class_names": [
    "be_injured_by_a_collision",
    "clean_sample",
    "coating_cracking",
    "convex_powder",
    "crazing",
    "dirty_spot",
    "drain_bottom",
    "inclusion",
    "non_conducting",
    "orange_peel",
    "patches",
    "pitted_surface",
    "pitting",
    "rolled_in_scale",
    "scratches",
    "scuffing",
    "the_transverse_strip_is_dented"
  ],
  "confusion_matrix": [
    [
      7,
      1,
      0,
      0,
      0,
      1,
      0,
      0,
      0,
      0,
      0,
      0,
      0,
      0,
      0,
      0,
      0
    ],
    [
      0,
      96,
      0,
      0,
      0,
      3,
      3,
      0,
      0,
      0,
      0,
      0,
      0,
      0,
      0,
      1,
      0
    ],
    [
      1,
      1,
      1,
      1,
      0,
      0,
      0,
      0,
      0,
      0,
      0,
      0,
      0,
      0,
      0,
      0,
      0
    ],
    [
      0,
      1,
      0,
      6,
      0,
      0,
      0,
      0,
      0,
      0,
      0,
      0,
      0,
      0,
      0,
      0,
      0
    ],
    [
      0,
      0,
      0,
      0,
      30,
      0,
      0,
      0,
      0,
      0,
      0,
      0,
      0,
      0,
      0,
      0,
      0
    ],
    [
      2,
      3,
      0,
      0,
      0,
      16,
      0,
      0,
      0,
      0,
      0,
      0,
      0,
      0,
      0,
      1,
      0
    ],
    [
      0,
      1,
      0,
      0,
      0,
      0,
      28,
      0,
      0,
      0,
      0,
      0,
      0,
      0,
      0,
      0,
      0
    ],
    [
      0,
      0,
      0,
      0,
      0,
      0,
      0,
      29,
      0,
      0,
      0,
      1,
      0,
      0,
      0,
      0,
      0
    ],
    [
      0,
      0,
      0,
      0,
      0,
      0,
      0,
      0,
      2,
      1,
      0,
      1,
      0,
      1,
      0,
      0,
      0
    ],
    [
      0,
      0,
      0,
      0,
      0,
      0,
      0,
      0,
      0,
      9,
      0,
      0,
      0,
      0,
      0,
      0,
      0
    ],
    [
      0,
      0,
      0,
      0,
      3,
      0,
      0,
      0,
      0,
      0,
      28,
      0,
      0,
      0,
      0,
      0,
      0
    ],
    [
      0,
      0,
      0,
      0,
      1,
      0,
      0,
      3,
      0,
      0,
      1,
      25,
      0,
      0,
      0,
      0,
      0
    ],
    [
      0,
      2,
      0,
      0,
      0,
      0,
      0,
      0,
      0,
      0,
      0,
      0,
      4,
      0,
      0,
      0,
      0
    ],
    [
      0,
      0,
      0,
      0,
      0,
      0,
      0,
      0,
      0,
      0,
      0,
      0,
      0,
      30,
      0,
      0,
      0
    ],
    [
      0,
      2,
      0,
      0,
      0,
      0,
      0,
      2,
      0,
      0,
      0,
      0,
      0,
      0,
      26,
      0,
      0
    ],
    [
      0,
      10,
      0,
      1,
      0,
      0,
      0,
      1,
      0,
      0,
      0,
      0,
      0,
      0,
      0,
      4,
      0
    ],
    [
      0,
      0,
      0,
      0,
      0,
      0,
      0,
      0,
      0,
      0,
      0,
      0,
      0,
      0,
      0,
      0,
      6
    ]
  ],
  "classification_report": {
    "be_injured_by_a_collision": {
      "precision": 0.7,
      "recall": 0.7777777777777778,
      "f1-score": 0.7368421052631579,
      "support": 9.0
    },
    "clean_sample": {
      "precision": 0.8205128205128205,
      "recall": 0.9320388349514563,
      "f1-score": 0.8727272727272727,
      "support": 103.0
    },
    "coating_cracking": {
      "precision": 1.0,
      "recall": 0.25,
      "f1-score": 0.4,
      "support": 4.0
    },
    "convex_powder": {
      "precision": 0.75,
      "recall": 0.8571428571428571,
      "f1-score": 0.8,
      "support": 7.0
    },
    "crazing": {
      "precision": 0.8823529411764706,
      "recall": 1.0,
      "f1-score": 0.9375,
      "support": 30.0
    },
    "dirty_spot": {
      "precision": 0.8,
      "recall": 0.7272727272727273,
      "f1-score": 0.7619047619047619,
      "support": 22.0
    },
    "drain_bottom": {
      "precision": 0.9032258064516129,
      "recall": 0.9655172413793104,
      "f1-score": 0.9333333333333333,
      "support": 29.0
    },
    "inclusion": {
      "precision": 0.8285714285714286,
      "recall": 0.9666666666666667,
      "f1-score": 0.8923076923076924,
      "support": 30.0
    },
    "non_conducting": {
      "precision": 1.0,
      "recall": 0.4,
      "f1-score": 0.5714285714285714,
      "support": 5.0
    },
    "orange_peel": {
      "precision": 0.9,
      "recall": 1.0,
      "f1-score": 0.9473684210526315,
      "support": 9.0
    },
    "patches": {
      "precision": 0.9655172413793104,
      "recall": 0.9032258064516129,
      "f1-score": 0.9333333333333333,
      "support": 31.0
    },
    "pitted_surface": {
      "precision": 0.9259259259259259,
      "recall": 0.8333333333333334,
      "f1-score": 0.8771929824561403,
      "support": 30.0
    },
    "pitting": {
      "precision": 1.0,
      "recall": 0.6666666666666666,
      "f1-score": 0.8,
      "support": 6.0
    },
    "rolled_in_scale": {
      "precision": 0.967741935483871,
      "recall": 1.0,
      "f1-score": 0.9836065573770492,
      "support": 30.0
    },
    "scratches": {
      "precision": 1.0,
      "recall": 0.8666666666666667,
      "f1-score": 0.9285714285714286,
      "support": 30.0
    },
    "scuffing": {
      "precision": 0.6666666666666666,
      "recall": 0.25,
      "f1-score": 0.36363636363636365,
      "support": 16.0
    },
    "the_transverse_strip_is_dented": {
      "precision": 1.0,
      "recall": 1.0,
      "f1-score": 1.0,
      "support": 6.0
    },
    "accuracy": 0.8740554156171285,
    "macro avg": {
      "precision": 0.8888538097745946,
      "recall": 0.7880181516652397,
      "f1-score": 0.808220754317161,
      "support": 397.0
    },
    "weighted avg": {
      "precision": 0.8757980780455251,
      "recall": 0.8740554156171285,
      "f1-score": 0.8641344914013852,
      "support": 397.0
    }
  }
}