{
  "model": "LogisticRegression(flattened_grayscale,combined)",
  "seed": 42,
  "accuracy": 0.5717884130982368,
  "precision_weighted": 0.5789929005346888,
  "recall_weighted": 0.5717884130982368,
  "f1_weighted": 0.5501348033772918,
  "class_names": [
    "be_injured_by_a_collision",
    "clean_sample",
    "coating_cracking",
    "convex_powder",
    "crazing",
    "dirty_spot",
    "drain_bottom",
    "inclusion",
    "non_conducting",
    "orange_peel",
    "patches",
    "pitted_surface",
    "pitting",
    "rolled_in_scale",
    "scratches",
    "scuffing",
    "the_transverse_strip_is_dented"
  ],
  "confusion_matrix": [
    [
      6,
      0,
      0,
      0,
      0,
      0,
      0,
      0,
      0,
      0,
      0,
      0,
      0,
      0,
      0,
      3,
      0
    ],
    [
      2,
      87,
      0,
      0,
      0,
      3,
      2,
      1,
      0,
      2,
      1,
      1,
      0,
      0,
      0,
      4,
      0
    ],
    [
      1,
      0,
      2,
      0,
      0,
      1,
      0,
      0,
      0,
      0,
      0,
      0,
      0,
      0,
      0,
      0,
      0
    ],
    [
      0,
      0,
      0,
      6,
      0,
      0,
      0,
      0,
      0,
      0,
      0,
      0,
      0,
      0,
      0,
      1,
      0
    ],
    [
      1,
      5,
      0,
      0,
      2,
      0,
      0,
      4,
      0,
      0,
      3,
      8,
      0,
      4,
      3,
      0,
      0
    ],
    [
      2,
      3,
      1,
      1,
      0,
      9,
      0,
      0,
      0,
      1,
      0,
      0,
      0,
      1,
      0,
      4,
      0
    ],
    [
      5,
      1,
      0,
      0,
      0,
      1,
      18,
      0,
      0,
      2,
      0,
      0,
      0,
      1,
      1,
      0,
      0
    ],
    [
      0,
      0,
      0,
      0,
      0,
      0,
      0,
      27,
      0,
      0,
      0,
      2,
      0,
      0,
      1,
      0,
      0
    ],
    [
      0,
      1,
      0,
      1,
      0,
      0,
      0,
      0,
      1,
      1,
      0,
      0,
      0,
      0,
      0,
      1,
      0
    ],
    [
      0,
      0,
      0,
      0,
      0,
      0,
      3,
      0,
      0,
      6,
      0,
      0,
      0,
      0,
      0,
      0,
      0
    ],
    [
      0,
      5,
      4,
      0,
      1,
      1,
      0,
      1,
      0,
      0,
      14,
      0,
      1,
      0,
      3,
      1,
      0
    ],
    [
      0,
      1,
      0,
      0,
      1,
      1,
      0,
      5,
      0,
      0,
      2,
      14,
      0,
      3,
      2,
      1,
      0
    ],
    [
      1,
      0,
      0,
      0,
      0,
      0,
      0,
      0,
      0,
      0,
      0,
      1,
      2,
      0,
      0,
      2,
      0
    ],
    [
      0,
      2,
      0,
      0,
      0,
      3,
      0,
      9,
      0,
      0,
      3,
      3,
      0,
      6,
      4,
      0,
      0
    ],
    [
      2,
      3,
      0,
      1,
      0,
      0,
      0,
      7,
      0,
      1,
      3,
      1,
      0,
      0,
      12,
      0,
      0
    ],
    [
      1,
      1,
      0,
      2,
      0,
      0,
      0,
      0,
      0,
      0,
      1,
      0,
      1,
      0,
      0,
      10,
      0
    ],
    [
      0,
      0,
      0,
      0,
      1,
      0,
      0,
      0,
      0,
      0,
      0,
      0,
      0,
      0,
      0,
      0,
      5
    ]
  ],
  "classification_report": {
    "be_injured_by_a_collision": {
      "precision": 0.2857142857142857,
      "recall": 0.6666666666666666,
      "f1-score": 0.4,
      "support": 9.0
    },
    "clean_sample": {
      "precision": 0.7981651376146789,
      "recall": 0.8446601941747572,
      "f1-score": 0.8207547169811321,
      "support": 103.0
    },
    "coating_cracking": {
      "precision": 0.2857142857142857,
      "recall": 0.5,
      "f1-score": 0.36363636363636365,
      "support": 4.0
    },
    "convex_powder": {
      "precision": 0.5454545454545454,
      "recall": 0.8571428571428571,
      "f1-score": 0.6666666666666666,
      "support": 7.0
    },
    "crazing": {
      "precision": 0.4,
      "recall": 0.06666666666666667,
      "f1-score": 0.11428571428571428,
      "support": 30.0
    },
    "dirty_spot": {
      "precision": 0.47368421052631576,
      "recall": 0.4090909090909091,
      "f1-score": 0.43902439024390244,
      "support": 22.0
    },
    "drain_bottom": {
      "precision": 0.782608695652174,
      "recall": 0.6206896551724138,
      "f1-score": 0.6923076923076923,
      "support": 29.0
    },
    "inclusion": {
      "precision": 0.5,
      "recall": 0.9,
      "f1-score": 0.6428571428571429,
      "support": 30.0
    },
    "non_conducting": {
      "precision": 1.0,
      "recall": 0.2,
      "f1-score": 0.3333333333333333,
      "support": 5.0
    },
    "orange_peel": {
      "precision": 0.46153846153846156,
      "recall": 0.6666666666666666,
      "f1-score": 0.5454545454545454,
      "support": 9.0
    },
    "patches": {
      "precision": 0.5185185185185185,
      "recall": 0.45161290322580644,
      "f1-score": 0.4827586206896552,
      "support": 31.0
    },
    "pitted_surface": {
      "precision": 0.4666666666666667,
      "recall": 0.4666666666666667,
      "f1-score": 0.4666666666666667,
      "support": 30.0
    },
    "pitting": {
      "precision": 0.5,
      "recall": 0.3333333333333333,
      "f1-score": 0.4,
      "support": 6.0
    },
    "rolled_in_scale": {
      "precision": 0.4,
      "recall": 0.2,
      "f1-score": 0.26666666666666666,
      "support": 30.0
    },
    "scratches": {
      "precision": 0.46153846153846156,
      "recall": 0.4,
      "f1-score": 0.42857142857142855,
      "support": 30.0
    },
    "scuffing": {
      "precision": 0.37037037037037035,
      "recall": 0.625,
      "f1-score": 0.46511627906976744,
      "support": 16.0
    },
    "the_transverse_strip_is_dented": {
      "precision": 1.0,
      "recall": 0.8333333333333334,
      "f1-score": 0.9090909090909091,
      "support": 6.0
    },
    "accuracy": 0.5717884130982368,
    "macro avg": {
      "precision": 0.5441160964299272,
      "recall": 0.5318546971847105,
      "f1-score": 0.49630536097185807,
      "support": 397.0
    },
    "weighted avg": {
      "precision": 0.5789929005346888,
      "recall": 0.5717884130982368,
      "f1-score": 0.5501348033772918,
      "support": 397.0
    }
  }
}