{
  "model": "LogisticRegression(flattened_grayscale)",
  "seed": 42,
  "accuracy": 0.5717884130982368,
  "precision_weighted": 0.5810456570311019,
  "recall_weighted": 0.5717884130982368,
  "f1_weighted": 0.5491900952089254,
  "class_names": [
    "be_injured_by_a_collision",
    "clean_sample",
    "coating_cracking",
    "convex_powder",
    "crazing",
    "dirty_spot",
    "drain_bottom",
    "inclusion",
    "non_conducting",
    "orange_peel",
    "patches",
    "pitted_surface",
    "pitting",
    "rolled_in_scale",
    "scratches",
    "scuffing",
    "the_transverse_strip_is_dented"
  ],
  "confusion_matrix": [
    [
      7,
      0,
      0,
      0,
      0,
      0,
      0,
      0,
      0,
      0,
      0,
      0,
      0,
      0,
      0,
      2,
      0
    ],
    [
      2,
      86,
      0,
      0,
      0,
      1,
      2,
      1,
      0,
      4,
      1,
      1,
      0,
      0,
      1,
      4,
      0
    ],
    [
      1,
      0,
      2,
      0,
      0,
      1,
      0,
      0,
      0,
      0,
      0,
      0,
      0,
      0,
      0,
      0,
      0
    ],
    [
      0,
      0,
      0,
      6,
      0,
      0,
      0,
      0,
      0,
      0,
      0,
      0,
      0,
      0,
      0,
      1,
      0
    ],
    [
      0,
      5,
      0,
      0,
      2,
      0,
      0,
      4,
      0,
      0,
      4,
      8,
      0,
      5,
      2,
      0,
      0
    ],
    [
      2,
      2,
      1,
      1,
      0,
      9,
      0,
      0,
      0,
      1,
      0,
      0,
      0,
      1,
      0,
      5,
      0
    ],
    [
      3,
      2,
      0,
      0,
      0,
      1,
      18,
      0,
      0,
      2,
      0,
      0,
      0,
      1,
      2,
      0,
      0
    ],
    [
      0,
      0,
      0,
      0,
      0,
      0,
      0,
      27,
      0,
      0,
      0,
      2,
      0,
      0,
      1,
      0,
      0
    ],
    [
      0,
      0,
      0,
      1,
      0,
      0,
      0,
      0,
      1,
      1,
      0,
      0,
      0,
      0,
      0,
      2,
      0
    ],
    [
      0,
      0,
      0,
      0,
      0,
      0,
      1,
      0,
      0,
      8,
      0,
      0,
      0,
      0,
      0,
      0,
      0
    ],
    [
      0,
      6,
      3,
      0,
      1,
      1,
      0,
      1,
      0,
      0,
      14,
      0,
      1,
      0,
      3,
      1,
      0
    ],
    [
      0,
      1,
      0,
      0,
      1,
      1,
      1,
      4,
      0,
      0,
      2,
      14,
      0,
      3,
      2,
      1,
      0
    ],
    [
      1,
      0,
      0,
      0,
      0,
      0,
      0,
      0,
      0,
      0,
      0,
      1,
      2,
      0,
      0,
      2,
      0
    ],
    [
      0,
      2,
      0,
      0,
      0,
      3,
      0,
      10,
      0,
      0,
      3,
      2,
      0,
      6,
      4,
      0,
      0
    ],
    [
      2,
      2,
      0,
      1,
      0,
      0,
      0,
      8,
      0,
      2,
      3,
      1,
      0,
      0,
      11,
      0,
      0
    ],
    [
      1,
      1,
      0,
      2,
      0,
      0,
      0,
      0,
      0,
      0,
      1,
      0,
      1,
      0,
      0,
      10,
      0
    ],
    [
      0,
      0,
      0,
      1,
      1,
      0,
      0,
      0,
      0,
      0,
      0,
      0,
      0,
      0,
      0,
      0,
      4
    ]
  ],
  "classification_report": {
    "be_injured_by_a_collision": {
      "precision": 0.3684210526315789,
      "recall": 0.7777777777777778,
      "f1-score": 0.5,
      "support": 9.0
    },
    "clean_sample": {
      "precision": 0.8037383177570093,
      "recall": 0.8349514563106796,
      "f1-score": 0.819047619047619,
      "support": 103.0
    },
    "coating_cracking": {
      "precision": 0.3333333333333333,
      "recall": 0.5,
      "f1-score": 0.4,
      "support": 4.0
    },
    "convex_powder": {
      "precision": 0.5,
      "recall": 0.8571428571428571,
      "f1-score": 0.631578947368421,
      "support": 7.0
    },
    "crazing": {
      "precision": 0.4,
      "recall": 0.06666666666666667,
      "f1-score": 0.11428571428571428,
      "support": 30.0
    },
    "dirty_spot": {
      "precision": 0.5294117647058824,
      "recall": 0.4090909090909091,
      "f1-score": 0.46153846153846156,
      "support": 22.0
    },
    "drain_bottom": {
      "precision": 0.8181818181818182,
      "recall": 0.6206896551724138,
      "f1-score": 0.7058823529411765,
      "support": 29.0
    },
    "inclusion": {
      "precision": 0.4909090909090909,
      "recall": 0.9,
      "f1-score": 0.6352941176470588,
      "support": 30.0
    },
    "non_conducting": {
      "precision": 1.0,
      "recall": 0.2,
      "f1-score": 0.3333333333333333,
      "support": 5.0
    },
    "orange_peel": {
      "precision": 0.4444444444444444,
      "recall": 0.8888888888888888,
      "f1-score": 0.5925925925925926,
      "support": 9.0
    },
    "patches": {
      "precision": 0.5,
      "recall": 0.45161290322580644,
      "f1-score": 0.4745762711864407,
      "support": 31.0
    },
    "pitted_surface": {
      "precision": 0.4827586206896552,
      "recall": 0.4666666666666667,
      "f1-score": 0.4745762711864407,
      "support": 30.0
    },
    "pitting": {
      "precision": 0.5,
      "recall": 0.3333333333333333,
      "f1-score": 0.4,
      "support": 6.0
    },
    "rolled_in_scale": {
      "precision": 0.375,
      "recall": 0.2,
      "f1-score": 0.2608695652173913,
      "support": 30.0
    },
    "scratches": {
      "precision": 0.4230769230769231,
      "recall": 0.36666666666666664,
      "f1-score": 0.39285714285714285,
      "support": 30.0
    },
    "scuffing": {
      "precision": 0.35714285714285715,
      "recall": 0.625,
      "f1-score": 0.45454545454545453,
      "support": 16.0
    },
    "the_transverse_strip_is_dented": {
      "precision": 1.0,
      "recall": 0.6666666666666666,
      "f1-score": 0.8,
      "support": 6.0
    },
    "accuracy": 0.5717884130982368,
    "macro avg": {
      "precision": 0.5486128366395643,
      "recall": 0.5391267322123137,
      "f1-score": 0.4971163437498381,
      "support": 397.0
    },
    "weighted avg": {
      "precision": 0.5810456570311019,
      "recall": 0.5717884130982368,
      "f1-score": 0.5491900952089254,
      "support": 397.0
    }
  }
}